Workbook

Sheet Iteration_table
A1: MAHZOR_ID | B1: mushroom_type | C1: Iteration_ID | D1: Start_date | E1: Room_number | F1: Substrate
A2: 1 | B2: 1 | C2: 24 | D2: 45460 | E2: 4 | F2: 160
A3: 2 | B3: 1 | C3: 23 | D3: 45447 | E3: 5 | F3: 237.5
A4: 3 | B4: 1 | C4: 22 | D4: 45435 | E4: 4 | F4: 240
A5: 4 | B5: 1 | C5: 21 | D5: 45423 | E5: 5 | F5: 240
A6: 5 | B6: 1 | C6: 20 | D6: 45412 | E6: 4 | F6: 160
A7: 6 | B7: 1 | C7: 19 | D7: 45406 | E7: 5 | F7: =32*2.5 -> 80
A8: 7 | B8: 1 | C8: 18 | D8: 45398 | E8: 5 | F8: =96*2.5 -> 240
A9: 8 | B9: 1 | C9: 17 | D9: 45381 | E9: 3 | F9: =96*2.5 -> 240
A10: 9 | B10: 1 | C10: 16 | D10: 45369 | E10: 4 | F10: =96*2.5 -> 240
A11: 10 | B11: 1 | C11: 15 | D11: 45348 | E11: 5 | F11: =96*2.5 -> 240
A12: 11 | B12: 1 | C12: 14 | D12: 45343 | E12: 3 | F12: =96*2.5 -> 240
A13: 12 | B13: 1 | C13: 13 | D13: 45337 | E13: 3 | F13: =95*2.5 -> 237.5
A14: 13 | B14: 1 | C14: 12 | D14: 45323 | E14: 4 | F14: =96*2.5 -> 240
A15: 14 | B15: 1 | C15: 11 | D15: 45316 | E15: 3 | F15: =96*2.5 -> 240
A16: 15 | B16: 1 | C16: 10 | D16: 45307 | E16: 3 | F16: 240
A17: 16 | B17: 1 | C17: 9 | D17: 45297 | E17: 5 | F17: 240
A18: 17 | B18: 1 | C18: 8 | D18: 45288 | E18: 4 | F18: 237.5
A19: 18 | B19: 1 | C19: 7 | D19: 45274 | E19: 4 | F19: 240
A20: 19 | B20: 1 | C20: 6 | D20: 45268 | E20: 3 | F20: 240
A21: 20 | B21: 1 | C21: 5 | D21: 45260 | E21: 5 | F21: 240
A22: 21 | B22: 1 | C22: 4 | D22: 45253 | E22: 4 | F22: 240

Sheet LOGS
A1: Log_id | B1: Mahzor_id | C1: Days_after_plant | D1: Date | E1: Hour | F1: AIR_temp | G1: Substrate_temp | H1: RH_Humadity | I1: CO2 | J1: day_hours | K1: Katif | L1: if_bagged
A2: 1 | B2: 1 | C2: 0 | D2: =VLOOKUP(B2, Iteration_table!$A$2:$D$1000, 4, FALSE) + C2 -> 45460 | E2: 0.66666667 | F2: 17.3 | G2: 1.2 | H2: 0.66 | I2: 512 | J2: 8 | K2: 0 | L2: TRUE
A3: 2 | B3: 1 | C3: 2 | D3: =VLOOKUP(B3, Iteration_table!$A$2:$D$1000, 4, FALSE) + C3 -> 45462 | E3: 0.58333333 | F3: 15.6 | G3: 14.6 | H3: 0.78 | I3: 772 | J3: 8 | K3: 0 | L3: TRUE
A4: 3 | B4: 1 | C4: 7 | D4: =VLOOKUP(B4, Iteration_table!$A$2:$D$1000, 4, FALSE) + C4 -> 45467 | E4: 0.75 | F4: 16 | G4: 15.7 | H4: 0.8 | I4: 1100 | J4: 8 | K4: 0 | L4: TRUE
A5: 4 | B5: 1 | C5: 9 | D5: =VLOOKUP(B5, Iteration_table!$A$2:$D$1000, 4, FALSE) + C5 -> 45469 | E5: 0.3125 | F5: 14.2 | G5: 15.7 | H5: 0.795 | I5: 745 | J5: 8 | K5: 0 | L5: TRUE
A6: 5 | B6: 1 | C6: 12 | D6: =VLOOKUP(B6, Iteration_table!$A$2:$D$1000, 4, FALSE) + C6 -> 45472 | L6: FALSE
A7: 6 | B7: 1 | C7: 20 | D7: =VLOOKUP(B7, Iteration_table!$A$2:$D$1000, 4, FALSE) + C7 -> 45480 | K7: 25 | L7: FALSE
A8: 7 | B8: 1 | C8: 21 | D8: =VLOOKUP(B8, Iteration_table!$A$2:$D$1000, 4, FALSE) + C8 -> 45481 | K8: 12.3 | L8: FALSE
A9: 8 | B9: 2 | C9: 1 | D9: =VLOOKUP(B9, Iteration_table!$A$2:$D$1000, 4, FALSE) + C9 -> 45448 | E9: 0.5 | F9: 15.5 | G9: 14.4 | H9: 0.85 | I9: 557 | J9: 8 | K9: 0 | L9: TRUE
A10: 9 | B10: 2 | C10: 12 | D10: =VLOOKUP(B10, Iteration_table!$A$2:$D$1000, 4, FALSE) + C10 -> 45459 | L10: FALSE
A11: 10 | B11: 2 | C11: 15 | D11: =VLOOKUP(B11, Iteration_table!$A$2:$D$1000, 4, FALSE) + C11 -> 45462 | E11: 0.58333333 | F11: 15.6 | G11: 15.4 | H11: 0.782 | I11: 860 | J11: 8 | K11: 0 | L11: FALSE
A12: 11 | B12: 2 | C12: 20 | D12: =VLOOKUP(B12, Iteration_table!$A$2:$D$1000, 4, FALSE) + C12 -> 45467 | E12: 0.75 | F12: 13.8 | G12: 14.4 | H12: 0.835 | I12: 765 | J12: 8 | L12: FALSE
A13: 12 | B13: 2 | C13: 22 | D13: =VLOOKUP(B13, Iteration_table!$A$2:$D$1000, 4, FALSE) + C13 -> 45469 | E13: 0.72916667 | F13: 13.8 | G13: 13.1 | H13: 0.8 | I13: 682 | J13: 8 | K13: 34.445 | L13: FALSE
A14: 13 | B14: 2 | C14: 25 | D14: =VLOOKUP(B14, Iteration_table!$A$2:$D$1000, 4, FALSE) + C14 -> 45472 | K14: 19 | L14: FALSE
A15: 14 | B15: 3 | C15: 1 | D15: =VLOOKUP(B15, Iteration_table!$A$2:$D$1000, 4, FALSE) + C15 -> 45436 | E15: 0.66666667 | F15: 15.4 | G15: 14.1 | H15: 0.82 | I15: 498 | J15: 8
A16: 15 | B16: 3 | C16: 3 | D16: =VLOOKUP(B16, Iteration_table!$A$2:$D$1000, 4, FALSE) + C16 -> 45438 | E16: 0.75 | F16: 16.4 | G16: 14.3 | H16: 0.71 | I16: 483 | J16: 8
A17: 16 | B17: 3 | C17: 4 | D17: =VLOOKUP(B17, Iteration_table!$A$2:$D$1000, 4, FALSE) + C17 -> 45439 | E17: 0.625 | F17: 15.3 | G17: 14.4 | H17: 0.84 | I17: 536 | J17: 8
A18: 17 | B18: 3 | C18: 5 | D18: =VLOOKUP(B18, Iteration_table!$A$2:$D$1000, 4, FALSE) + C18 -> 45440 | E18: 0.70833333 | F18: 14.5 | G18: 14.6 | H18: 0.93 | I18: 576 | J18: 8
A19: 18 | B19: 3 | C19: 6 | D19: =VLOOKUP(B19, Iteration_table!$A$2:$D$1000, 4, FALSE) + C19 -> 45441 | E19: 0.70833333 | F19: 14.6 | G19: 14.5 | H19: 0.85 | I19: 679 | J19: 8
A20: 19 | B20: 3 | C20: 8 | D20: =VLOOKUP(B20, Iteration_table!$A$2:$D$1000, 4, FALSE) + C20 -> 45443 | E20: 0.58333333 | F20: 14.6 | G20: 14.6 | H20: 0.87 | I20: 745 | J20: 8
A21: 20 | B21: 3 | C21: 10 | D21: =VLOOKUP(B21, Iteration_table!$A$2:$D$1000, 4, FALSE) + C21 -> 45445 | E21: 0.70833333 | F21: 13.9 | G21: 14.5 | H21: 0.83 | I21: 972 | J21: 8
A22: 21 | B22: 3 | C22: 11 | D22: =VLOOKUP(B22, Iteration_table!$A$2:$D$1000, 4, FALSE) + C22 -> 45446 | E22: 0.64583333 | F22: 15.3 | G22: 15.2 | H22: 0.84 | I22: 880 | J22: 8
A23: 22 | B23: 3 | C23: 13 | D23: =VLOOKUP(B23, Iteration_table!$A$2:$D$1000, 4, FALSE) + C23 -> 45448 | E23: 0.5 | F23: 16 | G23: 16.4 | H23: 0.78 | I23: 1185 | J23: 8
A24: 23 | B24: 3 | C24: 21 | D24: =VLOOKUP(B24, Iteration_table!$A$2:$D$1000, 4, FALSE) + C24 -> 45456 | K24: 44.5
A25: 24 | B25: 3 | C25: 24 | D25: =VLOOKUP(B25, Iteration_table!$A$2:$D$1000, 4, FALSE) + C25 -> 45459 | K25: 21.2
A26: 25 | B26: 3 | C26: 25 | D26: =VLOOKUP(B26, Iteration_table!$A$2:$D$1000, 4, FALSE) + C26 -> 45460 | K26: 19
A27: 26 | B27: 4 | C27: 0 | D27: =VLOOKUP(B27, Iteration_table!$A$2:$D$1000, 4, FALSE) + C27 -> 45423 | E27: 0.75 | F27: 13.7 | H27: 0.86 | I27: 556 | J27: 8 | L27: TRUE
A28: 27 | B28: 4 | C28: 1 | D28: =VLOOKUP(B28, Iteration_table!$A$2:$D$1000, 4, FALSE) + C28 -> 45424 | E28: 0.66666667 | F28: 15.3 | G28: 13.7 | H28: 0.78 | I28: 493 | J28: 8 | L28: TRUE
A29: 28 | B29: 4 | C29: 2 | D29: =VLOOKUP(B29, Iteration_table!$A$2:$D$1000, 4, FALSE) + C29 -> 45425 | E29: 0.5 | F29: 15.8 | G29: 13.4 | H29: 0.78 | I29: 474 | J29: 8 | L29: TRUE
A30: 29 | B30: 4 | C30: 5 | D30: =VLOOKUP(B30, Iteration_table!$A$2:$D$1000, 4, FALSE) + C30 -> 45428 | E30: 0.625 | F30: 15.9 | G30: 13.9 | H30: 0.79 | I30: 512 | J30: 8 | L30: TRUE
A31: 30 | B31: 4 | C31: 6 | D31: =VLOOKUP(B31, Iteration_table!$A$2:$D$1000, 4, FALSE) + C31 -> 45429 | E31: 0.45833333 | F31: 15.6 | G31: 14.1 | H31: 0.78 | I31: 540 | J31: 8 | L31: TRUE
A32: 31 | B32: 4 | C32: 8 | D32: =VLOOKUP(B32, Iteration_table!$A$2:$D$1000, 4, FALSE) + C32 -> 45431 | E32: 0.375 | F32: 15.2 | G32: 14.4 | H32: 0.84 | I32: 603 | J32: 8 | L32: TRUE
A33: 32 | B33: 4 | C33: 11 | D33: =VLOOKUP(B33, Iteration_table!$A$2:$D$1000, 4, FALSE) + C33 -> 45434 | E33: 0.5 | F33: 15.8 | G33: 15.4 | H33: 0.69 | I33: 479 | J33: 8 | L33: TRUE
A34: 33 | B34: 4 | C34: 12 | D34: =VLOOKUP(B34, Iteration_table!$A$2:$D$1000, 4, FALSE) + C34 -> 45435 | E34: 0.70833333 | F34: 16.1 | G34: 15.3 | H34: 0.76 | I34: 653 | J34: 8 | L34: TRUE
A35: 34 | B35: 4 | C35: 13 | D35: =VLOOKUP(B35, Iteration_table!$A$2:$D$1000, 4, FALSE) + C35 -> 45436 | E35: 0.6875 | F35: 16.5 | G35: 15.8 | H35: 0.71 | I35: 655 | J35: 8 | L35: TRUE
A36: 35 | B36: 4 | C36: 15 | D36: =VLOOKUP(B36, Iteration_table!$A$2:$D$1000, 4, FALSE) + C36 -> 45438 | E36: 0.58333333 | F36: 16.4 | G36: 15.3 | H36: 0.79 | I36: 809 | J36: 8 | L36: FALSE
A37: 36 | B37: 4 | C37: 16 | D37: =VLOOKUP(B37, Iteration_table!$A$2:$D$1000, 4, FALSE) + C37 -> 45439 | E37: 0.625 | F37: 16.5 | G37: 14.6 | H37: 0.72 | I37: 567 | J37: 8 | L37: FALSE
A38: 37 | B38: 4 | C38: 17 | D38: =VLOOKUP(B38, Iteration_table!$A$2:$D$1000, 4, FALSE) + C38 -> 45440 | E38: 0.70833333 | F38: 16 | G38: 14.9 | H38: 0.87 | I38: 690 | J38: 8 | L38: FALSE
A39: 38 | B39: 4 | C39: 18 | D39: =VLOOKUP(B39, Iteration_table!$A$2:$D$1000, 4, FALSE) + C39 -> 45441 | E39: 0.70833333 | F39: 15.6 | G39: 15.4 | H39: 0.84 | I39: 621 | J39: 8 | L39: FALSE
A40: 39 | B40: 4 | C40: 19 | D40: =VLOOKUP(B40, Iteration_table!$A$2:$D$1000, 4, FALSE) + C40 -> 45442 | J40: 8 | K40: 13.6 | L40: FALSE
A41: 40 | B41: 4 | C41: 20 | D41: =VLOOKUP(B41, Iteration_table!$A$2:$D$1000, 4, FALSE) + C41 -> 45443 | E41: 0.58333333 | F41: 15.3 | G41: 14.9 | H41: 0.75 | I41: 609 | J41: 8 | L41: FALSE
A42: 41 | B42: 4 | C42: 22 | D42: =VLOOKUP(B42, Iteration_table!$A$2:$D$1000, 4, FALSE) + C42 -> 45445 | E42: 0.70833333 | F42: 14.8 | G42: 14.1 | H42: 0.85 | I42: 545 | J42: 8 | K42: 34 | L42: FALSE
A43: 42 | B43: 4 | C43: 23 | D43: =VLOOKUP(B43, Iteration_table!$A$2:$D$1000, 4, FALSE) + C43 -> 45446 | E43: 0.75 | F43: 15.4 | G43: 15.3 | H43: 0.78 | I43: 575 | J43: 8 | K43: 16.5 | L43: FALSE
A44: 43 | B44: 4 | C44: 25 | D44: =VLOOKUP(B44, Iteration_table!$A$2:$D$1000, 4, FALSE) + C44 -> 45448 | K44: 19 | L44: FALSE
A45: 44 | B45: 5 | C45: 1 | D45: =VLOOKUP(B45, Iteration_table!$A$2:$D$1000, 4, FALSE) + C45 -> 45413 | J45: 8 | L45: TRUE
A46: 45 | B46: 5 | C46: 2 | D46: =VLOOKUP(B46, Iteration_table!$A$2:$D$1000, 4, FALSE) + C46 -> 45414 | E46: 0.58333333 | F46: 16.4 | G46: 14.4 | H46: 0.85 | I46: 604 | J46: 8 | L46: TRUE
A47: 46 | B47: 5 | C47: 5 | D47: =VLOOKUP(B47, Iteration_table!$A$2:$D$1000, 4, FALSE) + C47 -> 45417 | E47: 0.41666667 | F47: 16.5 | G47: 14.5 | H47: 0.94 | I47: 685 | J47: 8 | L47: TRUE
A48: 47 | B48: 5 | C48: 6 | D48: =VLOOKUP(B48, Iteration_table!$A$2:$D$1000, 4, FALSE) + C48 -> 45418 | E48: 0.58333333 | F48: 15.9 | G48: 14.6 | H48: 0.87 | I48: 723 | J48: 8 | L48: TRUE
A49: 48 | B49: 5 | C49: 7 | D49: =VLOOKUP(B49, Iteration_table!$A$2:$D$1000, 4, FALSE) + C49 -> 45419 | E49: 0.625 | F49: 16.4 | G49: 14.7 | H49: 0.75 | I49: 630 | J49: 8 | L49: TRUE
A50: 49 | B50: 5 | C50: 8 | D50: =VLOOKUP(B50, Iteration_table!$A$2:$D$1000, 4, FALSE) + C50 -> 45420 | E50: 0.77083333 | F50: 16.8 | G50: 15.5 | H50: 0.88 | I50: 740 | J50: 8 | L50: TRUE
A51: 50 | B51: 5 | C51: 11 | D51: =VLOOKUP(B51, Iteration_table!$A$2:$D$1000, 4, FALSE) + C51 -> 45423 | E51: 0.64583333 | F51: 17.8 | G51: 15.1 | H51: 0.78 | I51: 692 | J51: 8 | L51: TRUE
A52: 51 | B52: 5 | C52: 12 | D52: =VLOOKUP(B52, Iteration_table!$A$2:$D$1000, 4, FALSE) + C52 -> 45424 | E52: 0.66666667 | F52: 16.5 | G52: 15.2 | H52: 0.88 | I52: 748 | J52: 8 | L52: FALSE
A53: 52 | B53: 5 | C53: 13 | D53: =VLOOKUP(B53, Iteration_table!$A$2:$D$1000, 4, FALSE) + C53 -> 45425 | E53: 0.5 | F53: 16.2 | G53: 15.1 | H53: 0.86 | I53: 654 | J53: 8 | L53: FALSE
A54: 53 | B54: 5 | C54: 16 | D54: =VLOOKUP(B54, Iteration_table!$A$2:$D$1000, 4, FALSE) + C54 -> 45428 | E54: 0.625 | F54: 16.1 | G54: 14.8 | H54: 0.89 | I54: 688 | J54: 8 | K54: 0.5 | L54: FALSE
A55: 54 | B55: 5 | C55: 17 | D55: =VLOOKUP(B55, Iteration_table!$A$2:$D$1000, 4, FALSE) + C55 -> 45429 | E55: 0.5 | F55: 14.6 | G55: 15.7 | H55: 0.85 | I55: 715 | J55: 8 | K55: 1.3 | L55: FALSE
A56: 55 | B56: 5 | C56: 19 | D56: =VLOOKUP(B56, Iteration_table!$A$2:$D$1000, 4, FALSE) + C56 -> 45431 | E56: 0.375 | F56: 15.1 | G56: 15.3 | H56: 0.89 | I56: 722 | J56: 8 | K56: 0.4 | L56: FALSE
A57: 56 | B57: 5 | C57: 20 | D57: =VLOOKUP(B57, Iteration_table!$A$2:$D$1000, 4, FALSE) + C57 -> 45432 | E57: 0.35416667 | F57: 14.7 | G57: 14.6 | H57: 0.79 | I57: 765 | J57: 8 | K57: 18.4 | L57: FALSE
A58: 57 | B58: 5 | C58: 22 | D58: =VLOOKUP(B58, Iteration_table!$A$2:$D$1000, 4, FALSE) + C58 -> 45434 | E58: 0.5 | F58: 14.6 | G58: 14.6 | H58: 0.79 | I58: 575 | J58: 8 | K58: 4.3 | L58: FALSE
A59: 58 | B59: 5 | C59: 23 | D59: =VLOOKUP(B59, Iteration_table!$A$2:$D$1000, 4, FALSE) + C59 -> 45435 | J59: 8 | K59: 16.7 | L59: FALSE
A60: 59 | B60: 5 | C60: 25 | D60: =VLOOKUP(B60, Iteration_table!$A$2:$D$1000, 4, FALSE) + C60 -> 45437 | K60: 19 | L60: FALSE
A61: 60 | B61: 6 | C61: 1 | D61: =VLOOKUP(B61, Iteration_table!$A$2:$D$1000, 4, FALSE) + C61 -> 45407 | E61: 0.58333333 | F61: 19 | G61: 25.2 | H61: 0.8 | I61: 1180 | J61: 8 | L61: TRUE
A62: 61 | B62: 6 | C62: 2 | D62: =VLOOKUP(B62, Iteration_table!$A$2:$D$1000, 4, FALSE) + C62 -> 45408 | E62: 0.58333333 | F62: 16.8 | G62: 14.9 | H62: 0.8 | I62: 685 | J62: 8 | L62: TRUE
A63: 62 | B63: 6 | C63: 3 | D63: =VLOOKUP(B63, Iteration_table!$A$2:$D$1000, 4, FALSE) + C63 -> 45409 | E63: 0.91666667 | F63: 15.3 | G63: 14.8 | H63: 0.86 | I63: 698 | J63: 8 | L63: TRUE
A64: 63 | B64: 6 | C64: 5 | D64: =VLOOKUP(B64, Iteration_table!$A$2:$D$1000, 4, FALSE) + C64 -> 45411 | E64: 0.85416667 | F64: 16.8 | G64: 14.9 | H64: 0.83 | I64: 743 | J64: 8 | L64: TRUE
A65: 64 | B65: 6 | C65: 7 | D65: =VLOOKUP(B65, Iteration_table!$A$2:$D$1000, 4, FALSE) + C65 -> 45413 | E65: 0.72916667 | J65: 8 | L65: TRUE
A66: 65 | B66: 6 | C66: 8 | D66: =VLOOKUP(B66, Iteration_table!$A$2:$D$1000, 4, FALSE) + C66 -> 45414 | E66: 0.58333333 | F66: 16.5 | G66: 16.3 | H66: 0.81 | I66: 693 | J66: 8 | L66: FALSE
A67: 66 | B67: 6 | C67: 11 | D67: =VLOOKUP(B67, Iteration_table!$A$2:$D$1000, 4, FALSE) + C67 -> 45417 | E67: 0.41666667 | F67: 15.7 | G67: 14.8 | H67: 0.84 | I67: 658 | J67: 8 | L67: FALSE
A68: 67 | B68: 6 | C68: 12 | D68: =VLOOKUP(B68, Iteration_table!$A$2:$D$1000, 4, FALSE) + C68 -> 45418 | E68: 0.58333333 | F68: 13 | G68: 10.6 | H68: 0.66 | I68: 510 | J68: 8 | L68: FALSE
A69: 68 | B69: 6 | C69: 13 | D69: =VLOOKUP(B69, Iteration_table!$A$2:$D$1000, 4, FALSE) + C69 -> 45419 | E69: 0.625 | F69: 12.8 | G69: 10.4 | H69: 0.74 | I69: 488 | J69: 8 | L69: FALSE
A70: 69 | B70: 6 | C70: 14 | D70: =VLOOKUP(B70, Iteration_table!$A$2:$D$1000, 4, FALSE) + C70 -> 45420 | E70: 0.77083333 | F70: 15.1 | G70: 12.2 | H70: 0.73 | I70: 600 | J70: 8 | L70: FALSE
A71: 70 | B71: 6 | C71: 17 | D71: =VLOOKUP(B71, Iteration_table!$A$2:$D$1000, 4, FALSE) + C71 -> 45423 | E71: 0.625 | F71: 18.7 | G71: 12.6 | H71: 0.85 | I71: 556 | J71: 8 | L71: FALSE
A72: 71 | B72: 6 | C72: 18 | D72: =VLOOKUP(B72, Iteration_table!$A$2:$D$1000, 4, FALSE) + C72 -> 45424 | E72: 0.66666667 | F72: 15.3 | G72: 14.4 | H72: 0.78 | I72: 493 | J72: 8 | L72: FALSE
A73: 72 | B73: 6 | C73: 19 | D73: =VLOOKUP(B73, Iteration_table!$A$2:$D$1000, 4, FALSE) + C73 -> 45425 | E73: 0.5 | F73: 15.8 | G73: 14.5 | H73: 0.78 | I73: 474 | J73: 8 | K73: 0.4 | L73: FALSE
A74: 73 | B74: 6 | C74: 21 | D74: =VLOOKUP(B74, Iteration_table!$A$2:$D$1000, 4, FALSE) + C74 -> 45427 | J74: 8 | K74: 9 | L74: FALSE
A75: 74 | B75: 6 | C75: 22 | D75: =VLOOKUP(B75, Iteration_table!$A$2:$D$1000, 4, FALSE) + C75 -> 45428 | E75: 0.625 | F75: 15.9 | G75: 14.8 | H75: 0.79 | I75: 512 | J75: 8 | K75: 9.8 | L75: FALSE
A76: 75 | B76: 6 | C76: 23 | D76: =VLOOKUP(B76, Iteration_table!$A$2:$D$1000, 4, FALSE) + C76 -> 45429 | E76: 0.45833333 | F76: 15.6 | G76: 14.1 | H76: 0.78 | I76: 540 | J76: 8 | L76: FALSE
A77: 76 | B77: 6 | C77: 25 | D77: =VLOOKUP(B77, Iteration_table!$A$2:$D$1000, 4, FALSE) + C77 -> 45431 | E77: 0.375 | F77: 15.2 | G77: 14.6 | H77: 0.84 | I77: 603 | J77: 8 | L77: FALSE
A78: 77 | B78: 6 | C78: 28 | D78: =VLOOKUP(B78, Iteration_table!$A$2:$D$1000, 4, FALSE) + C78 -> 45434 | J78: 8 | K78: 3.5 | L78: FALSE
A79: 78 | B79: 7 | C79: 3 | D79: =VLOOKUP(B79, Iteration_table!$A$2:$D$1000, 4, FALSE) + C79 -> 45401 | E79: 0.77083333 | G79: 15.7 | J79: 8 | L79: TRUE
A80: 79 | B80: 7 | C80: 5 | D80: =VLOOKUP(B80, Iteration_table!$A$2:$D$1000, 4, FALSE) + C80 -> 45403 | E80: 0.625 | J80: 8 | L80: TRUE
A81: 80 | B81: 7 | C81: 6 | D81: =VLOOKUP(B81, Iteration_table!$A$2:$D$1000, 4, FALSE) + C81 -> 45404 | E81: 0.5 | F81: 17.3 | G81: 16.1 | H81: 0.88 | I81: 855 | J81: 8 | L81: TRUE
A82: 81 | B82: 7 | C82: 9 | D82: =VLOOKUP(B82, Iteration_table!$A$2:$D$1000, 4, FALSE) + C82 -> 45407 | E82: 0.58333333 | F82: 19 | G82: 26.2 | H82: 0.8 | I82: 1180 | J82: 8 | L82: TRUE
A83: 82 | B83: 7 | C83: 10 | D83: =VLOOKUP(B83, Iteration_table!$A$2:$D$1000, 4, FALSE) + C83 -> 45408 | E83: 0.58333333 | F83: 16.8 | G83: 14.8 | H83: 0.8 | I83: 685 | J83: 8 | L83: TRUE
A84: 83 | B84: 7 | C84: 11 | D84: =VLOOKUP(B84, Iteration_table!$A$2:$D$1000, 4, FALSE) + C84 -> 45409 | E84: 0.91666667 | F84: 15.3 | G84: 15.3 | H84: 0.86 | I84: 698 | J84: 8 | L84: FALSE
A85: 84 | B85: 7 | C85: 13 | D85: =VLOOKUP(B85, Iteration_table!$A$2:$D$1000, 4, FALSE) + C85 -> 45411 | E85: 0.84722222 | F85: 16.8 | G85: 16.2 | H85: 0.83 | I85: 743 | J85: 8 | L85: FALSE
A86: 85 | B86: 7 | C86: 15 | D86: =VLOOKUP(B86, Iteration_table!$A$2:$D$1000, 4, FALSE) + C86 -> 45413 | E86: 0.72916667 | J86: 8 | K86: 2 | L86: FALSE
A87: 86 | B87: 7 | C87: 16 | D87: =VLOOKUP(B87, Iteration_table!$A$2:$D$1000, 4, FALSE) + C87 -> 45414 | E87: 0.58333333 | F87: 16.5 | G87: 17 | H87: 0.81 | I87: 693 | J87: 8 | K87: 14 | L87: FALSE
A88: 87 | B88: 7 | C88: 19 | D88: =VLOOKUP(B88, Iteration_table!$A$2:$D$1000, 4, FALSE) + C88 -> 45417 | E88: 0.41666667 | F88: 15.7 | G88: 14.6 | H88: 0.84 | I88: 658 | J88: 8 | K88: 8.3 | L88: FALSE
A89: 88 | B89: 7 | C89: 20 | D89: =VLOOKUP(B89, Iteration_table!$A$2:$D$1000, 4, FALSE) + C89 -> 45418 | E89: 0.58333333 | F89: 13 | G89: 11.5 | H89: 0.66 | I89: 510 | J89: 8 | K89: 11.1 | L89: FALSE
A90: 89 | B90: 7 | C90: 21 | D90: =VLOOKUP(B90, Iteration_table!$A$2:$D$1000, 4, FALSE) + C90 -> 45419 | E90: 0.625 | F90: 12.8 | G90: 10.7 | H90: 0.74 | I90: 488 | J90: 8 | L90: FALSE
A91: 90 | B91: 7 | C91: 22 | D91: =VLOOKUP(B91, Iteration_table!$A$2:$D$1000, 4, FALSE) + C91 -> 45420 | E91: 0.75 | F91: 15.1 | G91: 14.1 | H91: 0.73 | I91: 600 | J91: 8 | K91: 3.8 | L91: FALSE
A92: 91 | B92: 7 | C92: 23 | D92: =VLOOKUP(B92, Iteration_table!$A$2:$D$1000, 4, FALSE) + C92 -> 45421 | E92: 0.75 | K92: 7.5 | L92: FALSE
A93: 92 | B93: 7 | C93: 25 | D93: =VLOOKUP(B93, Iteration_table!$A$2:$D$1000, 4, FALSE) + C93 -> 45423 | E93: 0.625 | F93: 13.7 | G93: 12.4 | H93: 0.85 | I93: 556 | J93: 8 | L93: FALSE
A94: 93 | B94: 8 | C94: 12 | D94: =VLOOKUP(B94, Iteration_table!$A$2:$D$1000, 4, FALSE) + C94 -> 45393 | E94: 0.75 | F94: 16.5 | G94: 16.1 | H94: 0.889 | J94: 8 | L94: FALSE
A95: 94 | B95: 8 | C95: 16 | D95: =VLOOKUP(B95, Iteration_table!$A$2:$D$1000, 4, FALSE) + C95 -> 45397 | E95: 0.70833333 | G95: 16.5 | J95: 8 | K95: 6.9 | L95: FALSE
A96: 95 | B96: 8 | C96: 20 | D96: =VLOOKUP(B96, Iteration_table!$A$2:$D$1000, 4, FALSE) + C96 -> 45401 | J96: 8 | K96: 25 | L96: FALSE
A97: 96 | B97: 8 | C97: 21 | D97: =VLOOKUP(B97, Iteration_table!$A$2:$D$1000, 4, FALSE) + C97 -> 45402 | E97: 0.77083333 | G97: 16.1 | J97: 8 | L97: FALSE
A98: 97 | B98: 8 | C98: 23 | D98: =VLOOKUP(B98, Iteration_table!$A$2:$D$1000, 4, FALSE) + C98 -> 45404 | E98: 0.625 | J98: 8 | K98: 14.7 | L98: FALSE
A99: 98 | B99: 8 | C99: 24 | D99: =VLOOKUP(B99, Iteration_table!$A$2:$D$1000, 4, FALSE) + C99 -> 45405 | E99: 0.5 | F99: 18.1 | G99: 15.7 | H99: 0.83 | I99: 1793 | J99: 8 | L99: FALSE
A100: 99 | B100: 9 | C100: 0 | D100: =VLOOKUP(B100, Iteration_table!$A$2:$D$1000, 4, FALSE) + C100 -> 45369 | E100: 0.70833333 | F100: 16.1 | G100: -0.2 | H100: 0.837 | I100: 534 | J100: 8 | L100: TRUE
...

Sheet Index
A1: mushroom_type | B1: 1 | C1: eryngii
B2: 2 | C2: Shitake
B3: 3 | C3: maitake
B4: 4 | C4: hericium
B5: 5 | C5: tiger swagill
B6: 6 | C6: nebrodensis
